{
  "base_score": 100,

  "hyungshinList": [
    "백호대살",
    "괴강살",
    "현침살",
    "원진살",
    "귀문관살"
  ],

  "positiveSibun": [
    "장생",
    "건록",
    "제왕"
  ],

  "negativeSibun": [
    "쇠",
    "병",
    "사",
    "묘",
    "절"
  ],

  "deductions": [
    { "condition": "ilji_wolji_chung", "change": -15 },
    { "condition": "pyungwan_count >= 2", "change": -15 },
    { "condition": "only_wolji_pyungwan", "change": -5 },
    { "condition": "has_all_elements", "change": -10 },
    { "condition": "hap_count >= 2", "change": -5 },
    { "condition": "same_element_count >= 4", "change": -10 },
    { "condition": "same_season == '겨울여름'", "change": -10 },
    { "condition": "same_season == '봄가을'", "change": -5 },
    { "condition": "hyungshin_count >= 4", "change": -10 },
    { "condition": "sibun_negative_count >= 2", "change": -10 },
    { "condition": "(not jaesung) and (not siksang)", "change": -10 },
    { "condition": "(not jaesung)", "change": -5 },
    { "condition": "(jaesung) and (not siksang)", "change": -5 },
    { "condition": "wonjin", "change": -15 }
  ],

  "bonuses": [
    { "condition": "wolji_supports_ilgan", "change": 25 },
    { "condition": "gilshin_count >= 4", "change": 15 },
    { "condition": "sibun_positive_count >= 2", "change": 15 },
    { "condition": "cheon_eul_gui_in", "change": 15 }
  ],

  "limits": { "min": 50, "max": 100 }
}
